TAIL,FLEET
N1801U,MAX 8
N1802U,MAX 8
N1803U,MAX 8
N1804U,MAX 8
N1805U,MAX 8
N1806U,MAX 8
N1807U,MAX 8
N1808U,MAX 8
N1809U,MAX 8
N1810U,MAX 8
N1811U,MAX 8
N200WN,NG 700
N201LV,NG 700
N203WN,NG 700
N204WN,NG 700
N205WN,NG 700
N206WN,NG 700
N207WN,NG 700
N208WN,NG 700
N209WN,NG 700
N210WN,NG 700
N211WN,NG 700
N212WN,NG 700
N213WN,NG 700
N214WN,NG 700
N215WN,NG 700
N216WR,NG 700
N217JC,NG 700
N218WN,NG 700
N219WN,NG 700
N220WN,NG 700
N221WN,NG 700
N222WN,NG 700
N223WN,NG 700
N224WN,NG 700
N225WN,NG 700
N226WN,NG 700
N227WN,NG 700
N228WN,NG 700
N229WN,NG 700
N230WN,NG 700
N231WN,NG 700
N232WN,NG 700
N233LV,NG 700
N234WN,NG 700
N235WN,NG 700
N236WN,NG 700
N237WN,NG 700
N238WN,NG 700
N239WN,NG 700
N240WN,NG 700
N241WN,NG 700
N242WN,NG 700
N243WN,NG 700
N244WN,NG 700
N245WN,NG 700
N246LV,NG 700
N247WN,NG 700
N248WN,NG 700
N249WN,NG 700
N250WN,NG 700
N251WN,NG 700
N252WN,NG 700
N253WN,NG 700
N254WN,NG 700
N255WN,NG 700
N256WN,NG 700
N257WN,NG 700
N258WN,NG 700
N259WN,NG 700
N260WN,NG 700
N261WN,NG 700
N262WN,NG 700
N263WN,NG 700
N264LV,NG 700
N265WN,NG 700
N266WN,NG 700
N267WN,NG 700
N268WN,NG 700
N269WN,NG 700
N272WN,NG 700
N273WN,NG 700
N274WN,NG 700
N275WN,NG 700
N276WN,NG 700
N277WN,NG 700
N278WN,NG 700
N279WN,NG 700
N280WN,NG 700
N281WN,NG 700
N282WN,NG 700
N283WN,NG 700
N284WN,NG 700
N285WN,NG 700
N286WN,NG 700
N287WN,NG 700
N288WN,NG 700
N289CT,NG 700
N290WN,NG 700
N291WN,NG 700
N292WN,NG 700
N293WN,NG 700
N294WN,NG 700
N295WN,NG 700
N296WN,NG 700
N297WN,NG 700
N298WN,NG 700
N299WN,NG 700
N400WN,NG 700
N401WN,NG 700
N403WN,NG 700
N404WN,NG 700
N405WN,NG 700
N407WN,NG 700
N408WN,NG 700
N409WN,NG 700
N410WN,NG 700
N411WN,NG 700
N412WN,NG 700
N413WN,NG 700
N414WN,NG 700
N415WN,NG 700
N416WN,NG 700
N417WN,NG 700
N418WN,NG 700
N419WN,NG 700
N420WN,NG 700
N421LV,NG 700
N422WN,NG 700
N423WN,NG 700
N424WN,NG 700
N425LV,NG 700
N426WN,NG 700
N427WN,NG 700
N428WN,NG 700
N429WN,NG 700
N431WN,NG 700
N435WN,NG 700
N436WN,NG 700
N437WN,NG 700
N438WN,NG 700
N439WN,NG 700
N440LV,NG 700
N441WN,NG 700
N442WN,NG 700
N443WN,NG 700
N444WN,NG 700
N445WN,NG 700
N446WN,NG 700
N447WN,NG 700
N448WN,NG 700
N449WN,NG 700
N451WN,NG 700
N452WN,NG 700
N453WN,NG 700
N454WN,NG 700
N455WN,NG 700
N456WN,NG 700
N457WN,NG 700
N458WN,NG 700
N459WN,NG 700
N460WN,NG 700
N461WN,NG 700
N462WN,NG 700
N463WN,NG 700
N464WN,NG 700
N465WN,NG 700
N467WN,NG 700
N468WN,NG 700
N469WN,NG 700
N470WN,NG 700
N472WN,NG 700
N473WN,NG 700
N474WN,NG 700
N475WN,NG 700
N476WN,NG 700
N477WN,NG 700
N478WN,NG 700
N479WN,NG 700
N480WN,NG 700
N481WN,NG 700
N482WN,NG 700
N483WN,NG 700
N485WN,NG 700
N486WN,NG 700
N487WN,NG 700
N488WN,NG 700
N489WN,NG 700
N491WN,NG 700
N494WN,NG 700
N495WN,NG 700
N497WN,NG 700
N498WN,NG 700
N499WN,NG 700
N500WR,NG 800
N550WN,NG 700
N551WN,NG 700
N555LV,NG 700
N556WN,NG 700
N558WN,NG 700
N561WN,NG 700
N563WN,NG 700
N564WN,NG 700
N565WN,NG 700
N566WN,NG 700
N567WN,NG 700
N569WN,NG 700
N570WN,NG 700
N7702A,NG 700
N7704B,NG 700
N7713A,NG 700
N7715E,NG 700
N7720F,NG 700
N7721E,NG 700
N7722B,NG 700
N7723E,NG 700
N7724A,NG 700
N7725A,NG 700
N7726A,NG 700
N7727A,NG 700
N7728D,NG 700
N7729A,NG 700
N7730A,NG 700
N7731A,NG 700
N7732A,NG 700
N7733B,NG 700
N7734H,NG 700
N7735A,NG 700
N7736A,NG 700
N7737E,NG 700
N7738A,NG 700
N7739A,NG 700
N7740A,NG 700
N7741C,NG 700
N7742B,NG 700
N7743B,NG 700
N7744A,NG 700
N7745A,NG 700
N7746C,NG 700
N7747C,NG 700
N7748A,NG 700
N7749B,NG 700
N7750A,NG 700
N7751A,NG 700
N7752B,NG 700
N7811F,NG 700
N7812G,NG 700
N7815L,NG 700
N7819A,NG 700
N7820L,NG 700
N7821L,NG 700
N7822A,NG 700
N7823A,NG 700
N7824A,NG 700
N7825A,NG 700
N7826B,NG 700
N7827A,NG 700
N7828A,NG 700
N7831B,NG 700
N7832A,NG 700
N7833A,NG 700
N7835A,NG 700
N7839A,NG 700
N7843A,NG 700
N7844A,NG 700
N7845A,NG 700
N7846A,NG 700
N7847A,NG 700
N7848A,NG 700
N7849A,NG 700
N7851A,NG 700
N7852A,NG 700
N7853B,NG 700
N7854B,NG 700
N7855A,NG 700
N7856A,NG 700
N7857B,NG 700
N7858A,NG 700
N7859B,NG 700
N7860A,NG 700
N7861J,NG 700
N7862A,NG 700
N7863A,NG 700
N7864B,NG 700
N7865A,NG 700
N7866A,NG 700
N7867A,NG 700
N7868K,NG 700
N7869A,NG 700
N7873A,NG 700
N7874B,NG 700
N7875A,NG 700
N7876A,NG 700
N7877H,NG 700
N7878A,NG 700
N7879A,NG 700
N7880D,NG 700
N7881A,NG 700
N7882B,NG 700
N7885A,NG 700
N7886A,NG 700
N7887A,NG 700
N7888A,NG 700
N7889A,NG 700
N791SW,NG 700
N793SA,NG 700
N8301J,NG 800
N8302F,NG 800
N8303R,NG 800
N8305E,NG 800
N8306H,NG 800
N8307K,NG 800
N8308K,NG 800
N8309C,NG 800
N8310C,NG 800
N8311Q,NG 800
N8312C,NG 800
N8313F,NG 800
N8314L,NG 800
N8315C,NG 800
N8316H,NG 800
N8317M,NG 800
N8318F,NG 800
N8319F,NG 800
N8320J,NG 800
N8321D,NG 800
N8322X,NG 800
N8323C,NG 800
N8324A,NG 800
N8325D,NG 800
N8326F,NG 800
N8327A,NG 800
N8328A,NG 800
N8329B,NG 800
N8501V,NG 800
N8502Z,NG 800
N8503A,NG 800
N8504G,NG 800
N8507C,NG 800
N8508W,NG 800
N8509U,NG 800
N8510E,NG 800
N8511K,NG 800
N8512U,NG 800
N8513F,NG 800
N8514F,NG 800
N8515X,NG 800
N8517F,NG 800
N8518R,NG 800
N8519R,NG 800
N8520Q,NG 800
N8522P,NG 800
N8523W,NG 800
N8524Z,NG 800
N8525S,NG 800
N8526W,NG 800
N8527Q,NG 800
N8528Q,NG 800
N8529Z,NG 800
N8530W,NG 800
N8531Q,NG 800
N8532S,NG 800
N8533S,NG 800
N8534Z,NG 800
N8535S,NG 800
N8536Z,NG 800
N8537Z,NG 800
N8538V,NG 800
N8539V,NG 800
N8540V,NG 800
N8541W,NG 800
N8542Z,NG 800
N8543Z,NG 800
N8544Z,NG 800
N8545V,NG 800
N8546V,NG 800
N8547V,NG 800
N8548P,NG 800
N8549Z,NG 800
N8550Q,NG 800
N8551Q,NG 800
N8552Z,NG 800
N8553W,NG 800
N8554X,NG 800
N8555Z,NG 800
N8556Z,NG 800
N8557Q,NG 800
N8558Z,NG 800
N8559Q,NG 800
N8560Z,NG 800
N8561Z,NG 800
N8562Z,NG 800
N8563Z,NG 800
N8564Z,NG 800
N8565Z,NG 800
N8566Z,NG 800
N8567Z,NG 800
N8568Z,NG 800
N8569Z,NG 800
N8570W,NG 800
N8571Z,NG 800
N8572X,NG 800
N8573Z,NG 800
N8574Z,NG 800
N8575Z,NG 800
N8576Z,NG 800
N8577Z,NG 800
N8578Q,NG 800
N8579Z,NG 800
N8580Z,NG 800
N8581Z,NG 800
N8582Z,NG 800
N8583Z,NG 800
N8584Z,NG 800
N8600F,NG 800
N8602F,NG 800
N8603F,NG 800
N8605E,NG 800
N8606C,NG 800
N8607M,NG 800
N8608N,NG 800
N8609A,NG 800
N8610A,NG 800
N8611F,NG 800
N8612K,NG 800
N8613K,NG 800
N8614M,NG 800
N8615E,NG 800
N8616C,NG 800
N8617E,NG 800
N8618N,NG 800
N8619F,NG 800
N8620H,NG 800
N8621A,NG 800
N8622A,NG 800
N8623F,NG 800
N8624J,NG 800
N8625A,NG 800
N8626B,NG 800
N8627B,NG 800
N8628A,NG 800
N8629A,NG 800
N8630B,NG 800
N8631A,NG 800
N8632A,NG 800
N8633A,NG 800
N8634A,NG 800
N8635F,NG 800
N8637A,NG 800
N8638A,NG 800
N8639B,NG 800
N8640D,NG 800
N8641B,NG 800
N8642E,NG 800
N8643A,NG 800
N8644C,NG 800
N8645A,NG 800
N8646B,NG 800
N8647A,NG 800
N8648A,NG 800
N8649A,NG 800
N8650F,NG 800
N8651A,NG 800
N8652B,NG 800
N8653A,NG 800
N8654B,NG 800
N8655D,NG 800
N8656B,NG 800
N8657B,NG 800
N8658A,NG 800
N8659D,NG 800
N8660A,NG 800
N8661A,NG 800
N8662F,NG 800
N8663A,NG 800
N8664J,NG 800
N8665D,NG 800
N8667D,NG 800
N8668A,NG 800
N8669B,NG 800
N8670A,NG 800
N8671D,NG 800
N8672F,NG 800
N8673F,NG 800
N8674B,NG 800
N8675A,NG 800
N8676A,NG 800
N8677A,NG 800
N8678E,NG 800
N8679A,NG 800
N8680C,NG 800
N8681M,NG 800
N8682B,NG 800
N8683D,NG 800
N8684F,NG 800
N8685B,NG 800
N8686A,NG 800
N8687A,NG 800
N8688J,NG 800
N8689C,NG 800
N8690A,NG 800
N8691A,NG 800
N8692F,NG 800
N8693A,NG 800
N8694E,NG 800
N8695D,NG 800
N8696E,NG 800
N8697C,NG 800
N8698B,NG 800
N8699A,NG 800
N8701Q,MAX 8
N8702L,MAX 8
N8704Q,MAX 8
N8705Q,MAX 8
N8706W,MAX 8
N8707P,MAX 8
N8708Q,MAX 8
N8709Q,MAX 8
N8710M,MAX 8
N8711Q,MAX 8
N8712L,MAX 8
N8713M,MAX 8
N8714Q,MAX 8
N8715Q,MAX 8
N8716B,MAX 8
N8717M,MAX 8
N8718Q,MAX 8
N8719Q,MAX 8
N871HK,MAX 8
N8720L,MAX 8
N8721J,MAX 8
N8722L,MAX 8
N8723Q,MAX 8
N8724J,MAX 8
N8725L,MAX 8
N8726H,MAX 8
N8727M,MAX 8
N8728Q,MAX 8
N8729H,MAX 8
N872CB,MAX 8
N8730Q,MAX 8
N8731J,MAX 8
N8732S,MAX 8
N8733M,MAX 8
N8734Q,MAX 8
N8735L,MAX 8
N8736J,MAX 8
N8737L,MAX 8
N8738K,MAX 8
N8739L,MAX 8
N8740A,MAX 8
N8741L,MAX 8
N8742M,MAX 8
N8743K,MAX 8
N8744B,MAX 8
N8745K,MAX 8
N8746Q,MAX 8
N8747Q,MAX 8
N8748Q,MAX 8
N8749Q,MAX 8
N8750Q,MAX 8
N8751R,MAX 8
N8752Q,MAX 8
N8753Q,MAX 8
N8754S,MAX 8
N8755L,MAX 8
N8756S,MAX 8
N8757L,MAX 8
N8758L,MAX 8
N8759Q,MAX 8
N8760L,MAX 8
N8761L,MAX 8
N8762Q,MAX 8
N8763L,MAX 8
N8764Q,MAX 8
N8765Q,MAX 8
N8766T,MAX 8
N8767M,MAX 8
N8768Q,MAX 8
N8769Q,MAX 8
N8770Q,MAX 8
N8771D,MAX 8
N8772M,MAX 8
N8773Q,MAX 8
N8774Q,MAX 8
N8775Q,MAX 8
N8776L,MAX 8
N8777Q,MAX 8
N8778Q,MAX 8
N8779Q,MAX 8
N8780Q,MAX 8
N8781Q,MAX 8
N8782Q,MAX 8
N8783L,MAX 8
N8784Q,MAX 8
N8785L,MAX 8
N8786Q,MAX 8
N8787K,MAX 8
N8788L,MAX 8
N8789Q,MAX 8
N8790Q,MAX 8
N8791D,MAX 8
N8792Q,MAX 8
N8793Q,MAX 8
N8794Q,MAX 8
N8795L,MAX 8
N8796L,MAX 8
N8797Q,MAX 8
N8798Q,MAX 8
N8799Q,MAX 8
N8800L,MAX 8
N8801Q,MAX 8
N8802Q,MAX 8
N8803L,MAX 8
N8804L,MAX 8
N8805L,MAX 8
N8806Q,MAX 8
N8807L,MAX 8
N8808Q,MAX 8
N8809L,MAX 8
N8810L,MAX 8
N8811L,MAX 8
N8812Q,MAX 8
N8813Q,MAX 8
N8814K,MAX 8
N8815L,MAX 8
N8816Q,MAX 8
N8817L,MAX 8
N8818Q,MAX 8
N8819L,MAX 8
N8820L,MAX 8
N8821S,MAX 8
N8822Q,MAX 8
N8823Q,MAX 8
N8824Q,MAX 8
N8825Q,MAX 8
N8826Q,MAX 8
N8827Q,MAX 8
N8828L,MAX 8
N8829Q,MAX 8
N8830Q,MAX 8
N8831L,MAX 8
N8832H,MAX 8
N8833L,MAX 8
N8834L,MAX 8
N8835Q,MAX 8
N8836Q,MAX 8
N8837Q,MAX 8
N8838Q,MAX 8
N8839Q,MAX 8
N8840Q,MAX 8
N8841L,MAX 8
N8842L,MAX 8
N8843S,MAX 8
N8844Q,MAX 8
N8845L,MAX 8
N8846Q,MAX 8
N8847Q,MAX 8
N8848Q,MAX 8
N8849Q,MAX 8
N8850Q,MAX 8
N8851Q,MAX 8
N8852Q,MAX 8
N8853Q,MAX 8
N8854Q,MAX 8
N8855Q,MAX 8
N8856S,MAX 8
N8857Q,MAX 8
N8858K,MAX 8
N8859Q,MAX 8
N8860S,MAX 8
N8861Q,MAX 8
N8862Q,MAX 8
N8863Q,MAX 8
N8864H,MAX 8
N8865L,MAX 8
N8866H,MAX 8
N8867Q,MAX 8
N8868L,MAX 8
N8869L,MAX 8
N8870K,MAX 8
N8871Q,MAX 8
N8872Q,MAX 8
N8873S,MAX 8
N8874Q,MAX 8
N8875B,MAX 8
N8876Q,MAX 8
N8877Q,MAX 8
N8878L,MAX 8
N8879Q,MAX 8
N8880G,MAX 8
N8881L,MAX 8
N8882Q,MAX 8
N8883Q,MAX 8
N8884Q,MAX 8
N8885Q,MAX 8
N8886C,MAX 8
N8887Q,MAX 8
N8888M,MAX 8
N8889Q,MAX 8
N8890Q,MAX 8
N8891Q,MAX 8
N8892S,MAX 8
N8893L,MAX 8
N8894Q,MAX 8
N8895Q,MAX 8
N8896L,MAX 8
N8897K,MAX 8
N8898L,MAX 8
N8899H,MAX 8
N8900L,MAX 8
N8901Q,MAX 8
N8902Q,MAX 8
N8903H,MAX 8
N8904L,MAX 8
N8905Q,MAX 8
N8906K,MAX 8
N8907L,MAX 8
N8908Q,MAX 8
N8909L,MAX 8
N8910Q,MAX 8
N8911Q,MAX 8
N8912Q,MAX 8
N8913S,MAX 8
N8914Q,MAX 8
N8915Q,MAX 8
N8916Q,MAX 8
N8917Q,MAX 8
N8918Q,MAX 8
N8919K,MAX 8
N8920Q,MAX 8
N8921Q,MAX 8
N8922Q,MAX 8
N8923Q,MAX 8
N8924Q,MAX 8
N8925Q,MAX 8
N8926Q,MAX 8
N8927Q,MAX 8
N8928Q,MAX 8
N8929S,MAX 8
N8930S,MAX 8
N8931L,MAX 8
N8932Q,MAX 8
N8933Q,MAX 8
N8934Q,MAX 8
N8935Q,MAX 8
N8936Q,MAX 8
N8937Q,MAX 8
N8938Q,MAX 8
N8939Q,MAX 8
N8940Q,MAX 8
N8941Q,MAX 8
N8942L,MAX 8
N8943Q,MAX 8
N8944Q,MAX 8
N8945Q,MAX 8
N8946L,MAX 8
N8947Q,MAX 8
N8948Q,MAX 8
N8949Q,MAX 8
N8950L,MAX 8
N8951S,MAX 8
N8952Q,MAX 8
N8953Q,MAX 8
N8954Q,MAX 8
N8955Q,MAX 8
N8956Q,MAX 8
N8957Q,MAX 8
N8958Q,MAX 8
N8959Q,MAX 8
N8960L,MAX 8
N8961K,MAX 8
N8962L,MAX 8
N8963Q,MAX 8
N8964L,MAX 8
N8965Q,MAX 8
N8966S,MAX 8
N8967Q,MAX 8
N8969S,MAX 8
N8970Q,MAX 8
N8971L,MAX 8
N8972S,MAX 8
N8973S,MAX 8
N8974K,MAX 8
N8975K,MAX 8
N8976K,MAX 8
N8977G,MAX 8
N8978G,MAX 8
N8979L,MAX 8
N8980Q,MAX 8
N8981Q,MAX 8
N8982S,MAX 8
N8983Q,MAX 8
N8984L,MAX 8
N8985Q,MAX 8
N8986Q,MAX 8
N8987Q,MAX 8
N8988S,MAX 8
N8989L,MAX 8
N8990Q,MAX 8
N8991S,MAX 8
N8992L,MAX 8
N8993Q,MAX 8
N8994Q,MAX 8
N8995Q,MAX 8
N8996Q,MAX 8
N8997Q,MAX 8
N900WN,NG 700
N901WN,NG 700
N902WN,NG 700
N903WN,NG 700
N904WN,NG 700
N906WN,NG 700
N907WN,NG 700
N908WN,NG 700
N909WN,NG 700
N910WN,NG 700
N912WN,NG 700
N913WN,NG 700
N914WN,NG 700
N915WN,NG 700
N917WN,NG 700
N919WN,NG 700
N920WN,NG 700
N922WN,NG 700
N923WN,NG 700
N924WN,NG 700
N925WN,NG 700
N926WN,NG 700
N927WN,NG 700
N928WN,NG 700
N929WN,NG 700
N930WN,NG 700
N931WN,NG 700
N932WN,NG 700
N933WN,NG 700
N934WN,NG 700
N935WN,NG 700
N936WN,NG 700
N937WN,NG 700
N938WN,NG 700
N939WN,NG 700
N940WN,NG 700
N941WN,NG 700
N942WN,NG 700
N943WN,NG 700
N944WN,NG 700
N945WN,NG 700
N946WN,NG 700
N947WN,NG 700
N948WN,NG 700
N949WN,NG 700
N950WN,NG 700
N951WN,NG 700
N952WN,NG 700
N953WN,NG 700
N954WN,NG 700
N955WN,NG 700
N956WN,NG 700
N957WN,NG 700
N958WN,NG 700
N959WN,NG 700
N960WN,NG 700
N961WN,NG 700
N962WN,NG 700
N963WN,NG 700
N964WN,NG 700
N965WN,NG 700
N966WN,NG 700
N967WN,NG 700
N968WN,NG 700
N969WN,NG 700
